{
  "materials": [
    {
      "item": {
        "tag": "forge:rods/blaze"
      },
      "count": 7
    },
    {
      "item": {
        "tag": "forge:gems/diamond"
      },
      "count": 10
    },
    {
      "item": {
        "tag": "forge:ingots/gold"
      },
      "count": 60
    },
	{
      "item": {
        "tag": "forge:ingots/iron"
      },
      "count": 220
    },
    {
      "item": {
        "tag": "forge:gems/quartz"
      },
      "count": 3
    }
  ],
  "result": {
    "type": "gun",
    "id": "suffuse:m200"
  }
}