{
  "materials": [
    {
      "item": {
        "tag": "forge:rods/blaze"
      },
      "count": 1
    },
    {
      "item": {
        "tag": "forge:gems/diamond"
      },
      "count": 1
    },
    {
      "item": {
        "tag": "forge:ingots/gold"
      },
      "count": 6
    },
	{
      "item": {
        "tag": "forge:ingots/iron"
      },
      "count": 35
    },
    {
      "item": {
        "tag": "forge:gems/quartz"
      },
      "count": 4
    }
  ],
  "result": {
    "type": "gun",
    "id": "suffuse:python"
  }
}