{
  "materials": [
    {
      "item": {
        "tag": "forge:ingots/gold"
      },
      "count": 1
    },
    {
      "item": {
        "tag": "forge:ingots/iron"
      },
      "count": 32
    },
    {
      "item": {
        "tag": "forge:gems/quartz"
      },
      "count": 2
    },
	{
      "item": {
        "tag": "minecraft:sand"
      },
      "count": 4
    },
    {
      "item": {
        "tag": "forge:dusts/redstone"
      },
      "count": 1
    }
  ],
  "result": {
    "type": "gun",
    "id": "suffuse:viper2011"
  }
}