{
  "model": "suffuse:gun/python_geo",
  "texture": "suffuse:gun/uv/python",
  "hud": "suffuse:gun/hud/python_hud",
  "slot": "suffuse:gun/slot/python",
  "animation": "suffuse:python",
  "use_default_animation": "pistol",
  "transform": {
    "scale": {
      "thirdperson": [0.6, 0.6, 0.6],
      "ground": [0.6, 0.6, 0.6],
      "fixed": [1.2, 1.2, 1.2]
    }
  },
  "shell": {
    "initial_velocity": [8.0, 5.0, -0.5],
    "random_velocity": [2.5, 1.5, 0.25],
    "acceleration": [0.0, -20, 0.0],
    "angular_velocity": [-720, -720, 90],
    "living_time": 1.0
  },
  "muzzle_flash": {
    "texture": "tacz:flash/common_muzzle_flash",
    "scale": 0.6
  },
  "sounds": {
    "reload_empty": "suffuse:python/python_reload",
    "reload_tactical": "suffuse:python/python_reload",
    "inspect": "suffuse:python/python_inspect",
    "inspect_empty": "suffuse:python/python_inspect_empty",
    "draw": "tacz:deagle/deagle_draw",
    "shoot": "suffuse:python/python_shoot",
    "flesh_hit": "suffuse:hitsounds/hit_indication",
    "head_hit": "suffuse:hitsounds/hit_marker",
    "kill": "suffuse:hitsounds/killsound",
    "shoot_3p": "suffuse:python/python_shoot"
  },
  "offhand_show": {
    "pos": [4, 13, -2],
    "rotate": [-90, -35, 90],
    "scale": [0.5, 0.5, 0.5]
  },
  "hotbar_show": {
    "0": {
      "pos": [-5, 13, -2],
      "rotate": [-90, -35, 90],
      "scale": [0.5, 0.5, 0.5]
    }
  }
}